S00E01,"Miniseries 1"
S00E02,"Miniseries 2"
S01E01,"33"
S01E02,"Water"
S01E03,"Bastille Day"
S01E04,"Act of Contrition"
S01E05,"You Can't Go Home Again"
S01E06,"Litmus"
S01E07,"Six Degrees of Separation"
S01E08,"Flesh and Bone"
S01E09,"Tigh Me Up, Tigh Me Down"
S01E10,"The Hand of God"
S01E11,"Colonial Day"
S01E12,"Kobol's Last Gleaming (Part 1)"
S01E13,"Kobol's Last Gleaming (Part 2)"
S02E01,"Scattered"
S02E02,"Valley of Darkness"
S02E03,"Fragged"
S02E04,"Resistance"
S02E05,"The Farm"
S02E06,"Home (Part 1)"
S02E07,"Home (Part 2)"
S02E08,"Final Cut"
S02E09,"Flight of the Phoenix"
S02E10,"Pegasus"
S02E11,"Resurrection Ship (Part 1)"
S02E12,"Resurrection Ship (Part 2)"
S02E13,"Epiphanies"
S02E14,"Black Market"
S02E15,"Scar"
S02E16,"Sacrifice"
S02E17,"The Captain's Hand"
S02E18,"Downloaded"
S02E19,"Lay Down Your Burdens (Part 1)"
S02E20,"Lay Down Your Burdens (Part 2)"
S03E01,"Occupation"
S03E02,"Precipice"
S03E03,"Exodus (Part 1)"
S03E04,"Exodus (Part 2)"
S03E05,"Collaborators"
S03E06,"Torn"
S03E07,"A Measure of Salvation"
S03E08,"Hero"
S03E09,"Unfinished Business"
S03E10,"The Passage"
S03E11,"The Eye of Jupiter"
S03E12,"Rapture"
S03E13,"Taking a Break from All Your Worries"
S03E14,"The Woman King"
S03E15,"A Day in the Life"
S03E16,"Dirty Hands"
S03E17,"Maelstrom"
S03E18,"The Son Also Rises"
S03E19,"Crossroads (Part 1)"
S03E20,"Crossroads (Part 2)"
S04E54,Razor
S04E55,Razor
S05E01,"He That Believeth in Me"
S05E02,"Six of One"
S05E03,"The Ties That Bind"
S05E04,"Escape Velocity"
S05E05,"The Road Less Traveled"
S05E06,"Faith"
S05E07,"Guess What's Coming to Dinner?"
S05E08,"Sine Qua Non"
S05E09,"The Hub"
S05E10,"Revelations"
S05E11,"Sometimes a Great Notion"
S05E12,"A Disquiet Follows My Soul"
S05E13,"The Oath"
S05E14,"Blood on the Scales"
S05E15,"No Exit"
S05E16,"Deadlock"
S05E17,"Someone to Watch Over Me"
S05E18,"Islanded in a Stream of Stars"
S05E19,"Daybreak (Part 1)"
S05E20,"Daybreak (Part 2)"
S05E21,"Daybreak (Part 3)"
S06E10,The Resistance
S06E07,Razor Flashbacks
S06E10,The Face of the Enemy